109,Donovan,Melendez,vulputate.dui@insodaleselit.edu,1-842-548-9366,2012-08-09T05:30:44-07:00
110,Leandra,Boone,feugiat.nec.diam@atauctorullamcorper.com,1-356-341-9774,2013-05-03T17:44:29-07:00
111,Kaden,Matthews,ante@consectetuermauris.ca,1-906-932-5932,2013-07-28T01:32:22-07:00
112,Eleanor,Ewing,faucibus.leo@Quisquenonummy.edu,1-853-831-2874,2012-09-18T17:44:06-07:00
113,Ignatius,Bruce,nonummy@cursus.ca,1-951-554-7873,2012-11-09T07:45:33-08:00
114,Hillary,Francis,vel.faucibus@arcu.edu,1-931-228-6606,2012-08-29T16:26:55-07:00
115,Shana,Barry,Nunc.commodo.auctor@rhoncusNullamvelit.ca,1-582-360-6031,2013-11-01T23:02:31-07:00
116,Nasim,James,orci@Curabituregestas.ca,1-677-247-8286,2013-09-04T21:48:34-07:00
117,Wallace,Rogers,Sed@a.edu,1-550-263-3284,2012-03-30T18:50:30-07:00
118,Zephr,Durham,et@mattisIntegereu.org,1-123-942-6496,2012-11-18T07:20:44-08:00
119,Carla,Edwards,id.ante@sitametrisus.edu,1-165-394-8968,2014-01-01T05:50:18-08:00
120,Shay,Lindsey,Ut.sagittis@velconvallis.ca,1-630-370-9934,2012-12-16T13:02:57-08:00
121,Barbara,Carson,Morbi.sit@Duis.ca,1-522-329-1148,2013-12-31T18:17:37-08:00
122,Leandra,Briggs,purus.Duis.elementum@consectetueradipiscingelit.org,1-976-869-3719,2014-01-27T09:23:19-08:00
201,annisa,ayu,annisaayu@email.com,087808810278,2018-03-14
,undefined,undefined,undefined,undefined,undefined
201,annisa,ayu,annisaayu@email.com,087808810278,2018-03-14
201,annisa,ayu,annisaayu@email.com,087808810278,2018-03-14